SA2 code,5 year growth rate
102011028,0.81
102011029,0.55
102011030,1.03
102011031,0.28
102011032,0.68
102011033,-0.18
102011034,0.35
102011035,0.37
102011036,-0.27
102011037,-0.49
102011038,0.93
102011039,1.21
102011040,0.95
102011041,1.23
102011042,0.89
102011043,0.34
102021044,0.40
102021045,0.46
102021046,0.82
102021047,0.01
102021048,0.82
102021049,1.55
102021050,1.04
102021051,0.15
102021052,1.38
102021053,1.30
102021054,1.50
102021055,0.39
102021056,4.37
102021057,1.30
115011290,1.72
115011291,1.71
115011294,0.91
115011296,0.10
115011553,0.74
115011554,-0.75
115011555,0.65
115011556,1.30
115011557,0.53
115011558,-0.17
115011559,4.97
115021297,0.89
115021298,0.16
115031299,0.32
115031300,0.42
115041301,2.67
115041302,6.81
116011303,1.36
116011304,1.67
116011306,3.28
116011307,0.65
116011308,1.49
116011560,1.19
116011561,1.04
116021309,0.82
116021310,4.26
116021312,16.55
116021562,0.48
116021563,0.95
116031313,-0.16
116031314,0.55
116031315,1.23
116031316,4.66
116031317,0.85
116031318,7.96
116031319,1.36
117011320,4.32
117011321,4.94
117011322,5.06
117011323,1.25
117011324,18.47
117011325,13.23
117021326,1.35
117021327,1.57
117021328,1.60
117031329,1.80
117031330,3.29
117031331,3.90
117031332,3.37
117031333,3.14
117031334,2.85
117031335,5.65
117031336,1.35
117031337,3.47
117031338,9.21
118011339,0.57
118011340,1.72
118011341,1.27
118011342,0.00
118011343,0.57
118011344,0.75
118011345,1.09
118011346,0.16
118011347,1.25
118021348,1.40
118021350,2.51
118021564,3.03
118021565,1.84
118021566,0.87
118021567,-0.09
118021568,1.28
118021569,0.58
118021570,2.05
119011354,1.62
119011355,210.97
119011356,2.54
119011357,1.28
119011358,1.11
119011359,1.39
119011360,1.53
119011361,1.83
119011571,1.19
119011572,0.63
119021362,0.50
119021363,2.56
119021364,0.83
119021366,1.35
119021367,0.97
119021573,1.17
119021574,1.03
119031368,3.07
119031369,1.19
119031370,1.18
119031371,0.77
119031372,1.12
119031373,3.55
119031374,0.98
119041375,7.65
119041376,0.90
119041377,0.93
119041378,2.82
119041379,1.11
119041380,1.29
119041381,1.79
119041382,1.21
120011383,1.92
120011384,4.16
120011385,0.66
120011386,1.00
120021387,1.36
120021388,1.26
120021389,1.34
120031390,1.31
120031391,2.54
120031392,2.57
120031393,0.72
120031394,1.65
120031395,0.45
120031396,5.36
120031575,1.90
120031576,2.07
121011398,2.96
121011399,3.13
121011400,2.29
121011401,2.99
121011402,0.69
121021403,1.19
121021404,0.27
121021406,0.31
121021577,2.05
121021578,1.08
121021579,3.07
121031407,1.96
121031408,1.98
121031409,0.75
121031410,1.58
121031411,0.89
121031412,0.27
121041413,1.01
121041414,1.40
121041415,0.82
121041416,1.12
121041417,2.61
122011418,0.81
122011419,1.03
122021420,0.06
122021421,0.62
122021422,0.24
122021423,1.78
122031424,1.24
122031425,0.91
122031426,1.75
122031427,0.62
122031428,0.52
122031429,1.77
122031430,1.27
122031431,1.37
122031432,0.42
123011433,0.66
123011434,6.10
123011435,4.16
123021436,0.39
123021437,3.49
123021438,-0.26
123021439,
123021440,4.73
123021441,0.57
123021442,1.74
123021443,3.03
123021444,0.34
123031445,1.13
123031446,5.95
123031447,1.96
123031448,1.26
124011449,0.35
124011450,0.33
124011451,-9.15
124011452,0.55
124011453,0.14
124011454,-0.25
124011455,0.18
124021456,-7.79
124031457,0.51
124031458,6.11
124031459,0.10
124031460,0.17
124031461,0.23
124031462,3.52
124031463,6.72
124031464,2.87
124031465,0.74
124041466,0.51
124041467,-0.33
124041468,1.28
124051469,-0.49
124051470,0.02
124051580,1.16
124051581,1.77
125011473,9.50
125011475,-9.71
125011582,2.14
125011583,2.85
125011584,2.09
125011585,1.32
125011586,3.61
125011587,0.71
125021476,2.83
125021477,2.55
125021478,2.13
125031479,2.34
125031480,1.35
125031481,2.26
125031482,1.59
125031483,2.61
125031484,1.79
125031485,2.19
125031486,-9.38
125031487,0.00
125041489,2.07
125041490,0.58
125041491,2.93
125041492,5.03
125041493,1.10
125041494,0.63
125041588,1.96
125041589,2.08
126011495,3.35
126011496,1.21
126021497,1.33
126021498,1.50
126021499,0.78
126021500,2.69
126021501,0.91
126021503,2.70
126021590,-0.32
126021591,4.28
127011504,0.95
127011505,-0.39
127011506,23.90
127011592,-21.50
127011593,0.18
127011594,0.26
127011595,4.95
127011596,5.11
127011597,6.43
127021509,0.81
127021510,0.51
127021511,0.67
127021512,1.51
127021513,1.08
127021514,0.53
127021515,1.22
127021516,1.88
127021517,1.32
127021518,0.30
127021519,1.26
127021520,0.11
127021521,3.04
127031522,1.37
127031523,3.21
127031524,1.21
127031598,2.80
127031599,1.50
127031600,4.50
127031601,4.65
128011529,0.57
128011530,0.56
128011531,0.91
128011602,1.42
128011603,0.67
128011604,1.61
128011605,0.35
128011606,0.83
128021533,0.07
128021534,-0.74
128021535,-0.03
128021536,0.48
128021537,4.94
128021538,1.32
128021607,0.21
128021608,-0.06
128021609,-1.46
101021007,2.40
101021008,-0.96
101021009,0.73
101021010,0.41
101021011,4.47
101021012,-0.09
101031013,-0.30
101031014,-0.15
101031015,0.46
101031016,0.60
101041017,0.50
101041018,-0.08
101041019,0.53
101041020,-0.20
101041021,2.50
101041022,-11.48
101041023,-0.32
101041024,0.48
101041025,1.39
101041026,0.77
101041027,0.35
101051539,1.00
101051540,1.23
101061541,0.28
101061542,1.43
101061543,0.26
101061544,-0.60
103011058,0.48
103011059,3.12
103011060,0.47
103011061,0.33
103021062,-1.19
103021063,0.17
103021064,0.11
103021065,0.43
103021066,-0.42
103021067,-0.13
103021068,-0.28
103021069,-0.09
103031070,0.16
103031071,0.79
103031072,1.76
103031073,-0.01
103031074,0.46
103031075,
103041076,0.10
103041077,-0.94
103041078,2.87
103041079,0.88
104011080,0.02
104011081,0.17
104011082,0.21
104021083,0.35
104021084,1.13
104021085,0.69
104021086,1.27
104021087,-0.52
104021088,2.91
104021089,0.20
104021090,0.22
104021091,1.66
105011092,-1.60
105011093,-0.45
105011094,-1.02
105011095,-1.30
105011096,-1.68
105021097,-1.16
105021098,-1.62
105031099,-0.73
105031100,-0.94
105031101,1.89
105031102,3.21
105031103,1.89
105031104,-0.68
105031105,-0.62
105031106,0.98
106011107,2.11
106011108,1.73
106011109,2.15
106011110,1.23
106011111,1.39
106011112,-0.37
106011113,0.53
106021114,5.76
106021115,0.84
106021116,2.32
106021117,3.15
106021118,4.00
106031119,0.68
106031120,0.43
106031121,1.18
106031122,-0.21
106031123,0.24
106031124,1.63
106031125,1.50
106041126,0.13
106041127,-0.56
106041128,-1.28
106041129,0.26
107011131,0.84
107011132,4.00
107011133,-14.45
107011134,-0.30
107011545,1.16
107011546,0.11
107011547,0.01
107021135,-12.94
107031136,1.27
107031137,-0.77
107031138,1.71
107031139,0.49
107031140,2.16
107031141,4.16
107031142,0.66
107031143,0.11
107041144,0.83
107041145,0.17
107041146,1.04
107041147,0.81
107041148,1.07
107041150,1.15
107041548,3.11
107041549,1.65
108011151,-0.30
108011152,0.62
108011153,1.33
108011154,0.97
108021155,0.49
108021156,-0.19
108021157,0.72
108021158,-0.17
108021159,0.50
108021160,0.48
108031161,1.13
108041162,1.72
108041163,0.69
108041164,2.90
108041165,0.55
108041166,1.55
108051167,0.55
108051168,1.85
108051169,0.02
108051170,1.04
108051171,-0.05
109011172,3.13
109011173,1.10
109011174,-0.57
109011175,1.09
109011176,0.84
109021177,-0.30
109021178,0.48
109021179,-0.29
109031180,-0.76
109031181,0.59
109031182,0.46
109031183,-0.45
109031184,2.42
109031185,0.71
110011186,0.62
110011187,0.23
110011188,-0.32
110011189,-0.40
110021190,0.00
110021191,0.13
110021192,-0.43
110021193,0.93
110021194,-0.58
110031195,-0.83
110031196,-0.64
110031197,0.18
110031198,-0.51
110041199,0.76
110041200,-1.73
110041201,0.19
110041202,0.26
110041203,2.09
110041204,0.52
110041205,0.90
111011206,0.22
111011207,-0.36
111011208,0.12
111011209,0.10
111011210,0.18
111011211,-0.02
111011212,1.29
111011213,-0.30
111011214,0.44
111021215,-0.47
111021216,1.69
111021217,3.39
111021218,1.91
111021219,-0.10
111021220,0.18
111021221,1.05
111031222,0.09
111031223,-0.27
111031224,0.23
111031225,-0.06
111031226,3.90
111031227,0.22
111031228,0.05
111031229,1.90
111031230,-2.20
111031231,2.81
111031232,4.69
111031233,0.20
111031234,0.15
111031235,0.64
112011236,1.12
112011237,1.36
112011238,1.69
112011239,1.12
112011240,1.64
112011241,0.75
112011242,1.37
112011243,2.14
112021244,0.33
112021245,-0.08
112021246,0.16
112021247,-0.93
112021248,-0.90
112021249,0.11
112031250,4.26
112031251,1.38
112031252,0.06
112031253,1.54
112031254,0.97
112031550,0.35
112031551,0.68
112031552,0.21
113011256,1.16
113011257,0.05
113011258,0.11
113011259,-0.49
113021260,-0.13
113021261,-0.44
113021262,-0.13
113031263,0.01
113031264,-0.11
113031265,1.18
113031266,0.77
113031267,0.48
113031268,5.25
113031269,0.05
113031270,0.35
113031271,1.08
114011272,0.86
114011273,0.32
114011274,0.49
114011275,4.87
114011276,2.04
114011277,0.32
114011278,1.97
114011279,1.70
114011280,0.70
114011281,0.50
114011282,1.51
114011283,1.87
114021284,0.83
114021285,1.46
114021286,2.11
114021287,2.01
114021288,0.89
114021289,1.21
199999499,
197979799,
206011105,2.82
206011106,6.14
206011107,1.52
206011108,1.31
206011109,1.79
206021110,2.05
206021111,1.95
206021112,1.42
206031113,2.32
206031114,2.66
206031115,2.13
206031116,1.40
206041117,6.77
206041118,13.36
206041119,1.48
206041120,0.67
206041121,1.97
206041122,10.61
206041123,6.33
206041124,3.29
206041125,1.59
206041126,8.83
206041127,
206051128,2.39
206051129,0.88
206051130,1.57
206051131,68.62
206051132,2.70
206051133,2.79
206051134,1.54
206061135,1.98
206061136,1.97
206061137,6.40
206061138,0.49
206071139,8.53
206071140,0.76
206071141,6.91
206071142,1.83
206071143,1.80
206071144,3.05
206071145,1.88
207011146,0.74
207011147,0.82
207011148,0.50
207011149,1.48
207011150,0.68
207011151,2.05
207011152,2.88
207011153,1.11
207011154,0.85
207011155,0.70
207021156,0.57
207021157,3.09
207021159,0.35
207021160,0.76
207021424,0.67
207021425,1.96
207031161,1.64
207031162,0.69
207031163,3.36
207031164,1.57
207031165,3.66
207031166,0.56
207031167,0.72
208011168,1.39
208011169,1.67
208011170,0.61
208011171,2.33
208011172,1.19
208011173,1.86
208021174,1.49
208021176,2.52
208021177,1.80
208021178,1.24
208021179,1.72
208021180,1.61
208021181,1.47
208021182,1.61
208021426,1.81
208021427,1.76
208031183,0.44
208031184,10.76
208031185,1.34
208031186,2.04
208031187,0.75
208031188,2.20
208031189,1.48
208031190,1.86
208031191,2.13
208031192,
208031193,1.45
208041194,0.83
208041195,1.73
209011196,0.91
209011197,0.46
209011198,1.73
209011199,1.47
209011200,1.63
209011201,0.45
209011202,0.93
209011203,0.42
209011204,0.65
209021205,2.81
209021207,1.94
209021208,1.10
209021428,2.52
209021429,1.72
209031209,0.39
209031210,-0.02
209031211,1.59
209031212,0.85
209031213,0.72
209031214,0.45
209031215,0.71
209041216,5.28
209041217,0.46
209041219,2.38
209041220,0.10
209041221,-0.23
209041223,0.15
209041224,5.58
209041225,2.06
209041430,9.62
209041431,1.37
209041432,0.57
209041433,8.84
209041434,15.12
209041435,2.91
209041436,0.75
209041437,32.29
210011226,2.30
210011227,
210011228,0.77
210011229,1.60
210011230,2.44
210011231,1.77
210021232,2.93
210021233,1.22
210021234,1.33
210021235,2.01
210031236,3.86
210031237,2.04
210031239,3.16
210031438,2.75
210031439,1.28
210031440,1.34
210041240,0.47
210041241,2.72
210051242,2.48
210051243,0.45
210051245,0.84
210051246,6.73
210051247,0.11
210051248,2.32
210051249,2.92
210051250,0.74
210051441,0.79
210051442,5.43
210051443,6.23
210051444,17.93
210051445,31.63
211011251,1.46
211011254,3.32
211011255,0.42
211011256,0.13
211011257,0.08
211011258,-0.34
211011259,0.35
211011260,0.66
211011446,1.52
211011447,0.67
211011448,0.22
211011449,0.27
211021261,0.72
211021262,0.25
211031263,0.85
211031265,0.19
211031266,1.51
211031267,1.52
211031268,0.65
211031450,2.27
211031451,2.94
211031452,0.79
211041269,1.37
211041270,1.42
211041271,1.80
211041272,1.22
211041273,0.63
211051274,0.06
211051275,2.76
211051276,1.31
211051277,1.31
211051278,1.05
211051279,0.24
211051280,0.43
211051281,1.68
211051282,0.14
211051283,0.89
211051284,0.05
211051285,0.91
211051286,0.35
212011287,12.84
212011288,1.24
212011289,0.69
212011290,2.97
212011291,6.52
212011292,4.64
212021293,0.59
212021294,2.81
212021295,1.73
212021297,1.33
212021299,2.59
212021453,0.06
212021454,-0.12
212021455,0.57
212021456,1.61
212031300,1.31
212031301,26.99
212031302,7.11
212031303,5.23
212031304,10.66
212031305,1.66
212031306,4.06
212031308,1.02
212031457,0.58
212031458,0.99
212041309,0.18
212041310,1.51
212041311,2.59
212041312,0.62
212041313,0.13
212041314,5.30
212041316,0.42
212041317,2.26
212041318,0.80
212041459,1.82
212041460,1.72
212051319,2.33
212051320,5.30
212051321,0.53
212051322,1.03
212051323,0.71
212051324,1.67
212051325,1.43
212051326,1.71
212051327,0.78
213011328,1.97
213011329,1.73
213011330,2.52
213011331,0.09
213011332,-0.23
213011333,0.45
213011334,1.59
213011335,1.32
213011336,1.84
213011337,1.68
213011338,2.03
213011339,0.82
213011340,-0.28
213021341,1.80
213021342,0.79
213021343,1.65
213021344,1.97
213021345,0.94
213021346,1.68
213031347,2.60
213031348,4.04
213031349,3.34
213031350,1.95
213031351,2.36
213031352,1.88
213041353,3.13
213041355,7.10
213041356,1.47
213041357,8.12
213041358,4.46
213041359,17.83
213041360,3.13
213041461,2.78
213041462,2.72
213041463,2.41
213051361,0.46
213051362,0.89
213051363,10.01
213051365,9.07
213051366,13.95
213051368,3.31
213051369,5.23
213051464,11.89
213051465,2.75
213051466,12.97
213051467,0.97
213051468,4.79
214011370,1.41
214011371,1.16
214011372,0.24
214011373,0.74
214011374,1.24
214011375,0.60
214011376,2.60
214021377,4.40
214021378,0.26
214021379,1.50
214021380,1.59
214021381,0.88
214021382,1.38
214021383,1.36
214021384,1.26
214021385,1.14
201011001,6.47
201011002,-0.29
201011003,1.10
201011004,1.39
201011005,1.66
201011006,4.67
201011007,0.54
201011008,0.41
201021009,1.12
201021010,0.92
201021011,0.96
201021012,1.11
201031013,0.09
201031014,1.92
201031015,2.05
201031016,0.67
201031017,0.70
202011018,-0.07
202011019,2.86
202011020,-0.16
202011021,0.43
202011022,0.96
202011023,2.64
202011024,4.32
202011025,5.78
202021026,3.40
202021027,1.74
202021028,0.74
202021029,1.56
202021030,1.57
202021031,1.85
202031032,1.35
202031033,-0.11
203011034,4.97
203011035,1.93
203011036,0.22
203021037,0.84
203021038,0.61
203021039,1.24
203021040,1.10
203021041,5.81
203021042,2.09
203021043,3.19
203021044,3.88
203021045,0.03
203021046,0.99
203021047,1.22
203031048,3.63
203031049,0.85
203031050,5.60
203031051,2.36
203031052,0.99
203031053,3.98
204011054,1.00
204011055,1.08
204011056,2.98
204011057,1.63
204011058,2.19
204011059,-0.15
204011060,0.89
204011061,-1.40
204011062,1.47
204021063,-0.06
204021064,1.07
204021065,1.06
204021066,1.10
204021067,0.87
204031068,1.64
204031069,1.04
204031070,1.00
204031071,0.43
204031072,0.32
204031073,0.42
204031074,2.96
204031075,0.61
205011076,3.91
205011077,0.26
205011078,1.68
205011079,2.70
205021080,
205021081,2.09
205021082,1.26
205021083,
205021084,0.90
205021085,-0.65
205021086,2.50
205031087,0.99
205031088,0.18
205031089,0.93
205031090,0.76
205031091,2.80
205031092,-1.47
205031093,2.26
205041094,0.02
205041095,-0.09
205041096,-0.25
205041097,0.89
205041098,0.52
205051099,-2.33
205051100,1.42
205051101,0.66
205051102,0.60
205051103,0.48
205051104,0.25
215011386,0.38
215011387,0.95
215011388,0.33
215011389,-0.31
215011390,-1.02
215011391,-1.58
215011392,-0.48
215011393,-0.90
215011394,-1.08
215021395,0.89
215021396,0.74
215021398,-0.35
215021399,1.19
215021469,0.76
215021470,1.24
215031400,-0.64
215031401,0.16
215031402,-0.17
215031403,-0.98
215031404,0.39
215031405,-0.90
216011406,0.50
216011407,0.13
216011408,0.18
216011409,0.07
216011410,-0.32
216021411,0.17
216021412,0.50
216021413,0.00
216021414,1.98
216031415,0.28
216031416,1.26
216031417,1.16
216031418,-0.22
216031419,0.49
217011420,-0.25
217011421,-0.05
217011422,-0.03
217011423,-0.70
217031471,0.19
217031472,0.63
217031473,-0.15
217031474,-0.35
217031475,-0.69
217031476,0.46
217041477,-0.24
217041478,1.00
217041479,1.29
217041480,0.12
299999499,
297979799,
301011001,-0.51
301011002,0.15
301011003,0.53
301011004,1.16
301011005,1.18
301011006,0.94
301021007,0.38
301021008,0.56
301021009,2.98
301021011,3.60
301021012,3.49
301021013,0.26
301021527,1.54
301031014,2.38
301031015,0.59
301031016,1.31
301031017,0.80
301031018,0.56
301031019,1.80
301031020,0.99
301031021,0.45
302011022,0.72
302011023,1.73
302011024,2.30
302011025,1.51
302011026,0.79
302021027,0.13
302021028,2.67
302021029,0.52
302021030,-0.02
302021031,1.77
302021032,1.52
302021033,0.51
302021034,0.76
302031035,0.94
302031036,-0.40
302031037,16.71
302031038,0.51
302031039,1.83
302031040,3.60
302041041,0.20
302041042,0.83
302041043,1.03
302041044,0.23
302041045,6.32
302041046,1.50
303011047,1.36
303011048,4.50
303011049,1.60
303011050,1.44
303011051,0.55
303021052,1.05
303021053,2.16
303021054,2.70
303021055,1.15
303021056,1.45
303021057,1.11
303021058,2.36
303021059,2.23
303031060,1.05
303031061,0.99
303031062,0.55
303031063,1.63
303031064,9.65
303031065,1.85
303031066,0.82
303041067,3.18
303041068,1.13
303041069,0.64
303041070,0.17
303041071,1.49
303051072,0.77
303051073,2.39
303051074,4.33
303051075,1.47
303051076,2.00
303061077,1.52
303061078,1.10
303061079,1.43
303061080,0.77
304011081,-0.18
304011082,-0.13
304011083,0.71
304011084,-0.13
304011085,-0.37
304021086,1.50
304021087,-0.27
304021088,0.17
304021089,1.68
304021090,0.84
304021091,-0.23
304031092,2.27
304031093,1.01
304031094,1.06
304031095,1.37
304031096,2.30
304031097,1.75
304041098,2.12
304041099,0.00
304041100,-0.03
304041101,1.45
304041102,
304041103,0.30
304041104,2.19
305011105,3.32
305011106,6.72
305011107,1.76
305011108,3.71
305011109,1.46
305011110,7.29
305011111,2.62
305011112,5.59
305021113,1.99
305021114,2.23
305021115,0.93
305021116,0.60
305021117,2.28
305021118,1.37
305031119,3.99
305031120,1.49
305031121,0.47
305031122,0.76
305031123,0.41
305031124,4.77
305031125,1.08
305031126,5.19
305031127,1.91
305031128,9.29
305031129,0.07
305031130,2.50
305031131,2.69
305041132,0.93
305041133,0.53
305041134,1.07
305041135,1.95
305041136,0.79
305041137,1.30
310011271,1.22
310011272,2.49
310011273,1.81
310011274,2.62
310011275,1.80
310011276,3.12
310021277,1.59
310021278,0.99
310021279,
310021280,1.88
310021281,2.32
310021282,1.47
310031283,2.99
310031284,2.15
310031285,2.07
310031286,0.09
310031287,1.08
310031288,1.53
310031289,2.43
310031290,0.30
310031291,2.68
310031292,0.21
310031293,0.80
310031294,12.82
310031295,-1.74
310041296,8.90
310041297,0.36
310041298,-16.74
310041299,1.38
310041300,2.22
310041301,
310041302,4.84
310041303,0.99
310041304,8.69
311011305,2.17
311021306,0.04
311021307,1.50
311021308,3.23
311021309,0.25
311021310,2.18
311031311,0.84
311031312,1.11
311031313,6.14
311031314,1.24
311031315,
311031316,0.92
311031317,3.64
311031318,0.25
311031319,0.38
311041320,1.83
311041321,6.72
311041322,4.26
311051323,4.26
311051324,1.47
311051325,0.37
311051326,2.28
311051327,0.59
311051328,0.48
311061329,0.49
311061330,-0.50
311061331,-0.47
311061332,0.64
311061333,-0.63
311061334,0.66
311061335,2.38
311061336,-1.13
313011362,1.91
313011363,1.24
313021364,2.27
313021365,2.89
313021366,1.63
313021367,1.01
313021368,2.49
313021369,2.43
313031370,1.50
313031371,3.17
313041372,1.83
313041373,0.43
313041374,0.02
313041375,2.57
313041376,2.13
313051377,0.39
313051378,0.96
313051379,1.43
313051380,0.48
313051542,1.40
314011382,0.14
314011383,3.59
314011384,2.22
314011385,-0.01
314011386,0.42
314011387,1.25
314021388,3.49
314021389,8.02
314021390,8.32
314031391,0.28
314031392,0.67
314031393,0.15
314031394,1.72
306011138,0.26
306011139,1.28
306011140,-0.42
306011141,1.69
306011142,4.37
306011143,0.54
306021144,1.09
306021145,2.48
306021146,-0.37
306021147,0.71
306021148,1.49
306021149,1.10
306021150,
306021151,0.40
306021152,0.61
306021153,0.24
306021154,-0.11
306021155,0.56
306021156,0.20
306021157,-0.23
306031158,-0.12
306031159,0.10
306031160,0.46
306031161,0.79
306031162,0.00
306031163,1.18
306041164,0.84
306041165,1.42
306051166,1.02
306051167,-0.09
306051168,0.35
306051169,0.49
306051170,1.39
307011171,-1.92
307011172,2.58
307011173,-0.18
307011174,-0.39
307011175,1.53
307011176,-0.93
307011177,-1.19
307011178,-0.92
307021179,0.96
307021180,-0.36
307021181,0.32
307021182,1.12
307021183,-0.26
307031184,1.11
307031185,0.30
307031186,0.36
307031187,-0.37
307031188,1.09
307031189,-0.15
308011190,-0.60
308011191,-2.50
308011192,0.27
308031205,-1.90
308031206,-1.42
308031207,2.42
308031208,-1.29
308031209,1.64
308031210,3.42
308031211,-1.72
308031212,-1.45
308031213,1.78
308031214,-1.70
308031215,0.58
308031216,-0.95
308031217,-2.47
308031218,0.44
308031219,0.28
308031220,0.08
308031221,4.24
308031222,-1.06
308031223,1.28
308041528,-0.88
308041529,-1.13
308051530,0.62
308051531,0.10
308051532,-12.94
308051533,2.11
308051534,-1.14
308051535,0.27
308051536,-2.52
308051537,
308051538,1.22
308051539,-1.93
309011224,0.29
309011225,1.10
309011226,0.27
309011227,2.32
309011228,0.39
309011229,1.19
309021230,1.89
309021231,1.58
309021232,0.53
309021233,1.00
309021234,0.97
309031235,0.73
309031236,5.09
309031237,0.43
309031238,1.72
309031239,1.22
309031240,0.35
309041241,1.22
309041242,1.93
309051243,1.14
309051244,1.19
309051245,2.66
309061246,1.23
309061247,-0.25
309061248,1.26
309061249,1.52
309061250,1.07
309071251,8.94
309071252,0.93
309071253,5.48
309071254,2.44
309071255,4.73
309071256,2.25
309071257,27.16
309071258,4.15
309081259,0.20
309081260,1.75
309081261,2.39
309081262,1.44
309091263,0.36
309091264,0.19
309091265,-0.04
309091540,3.14
309091541,1.80
309101267,1.50
309101268,1.38
309101269,1.29
309101270,3.39
312011337,-0.52
312011338,-4.34
312011339,-1.36
312011340,-3.91
312011341,-0.14
312021342,0.41
312021343,-1.20
312021344,1.92
312021345,12.20
312021346,-1.32
312021347,-0.14
312021348,-0.10
312021349,-2.73
312021350,1.71
312021351,1.03
312021352,-0.84
312021353,-0.90
312021354,0.64
312021355,-3.18
312021356,-2.38
312021357,-1.38
312021358,-1.74
312031359,2.98
312031360,
312031361,-0.04
315011395,0.47
315011396,1.70
315011397,-1.40
315011398,0.35
315011399,3.21
315011400,1.12
315011401,1.08
315011402,1.60
315011403,1.96
315021404,-0.68
315021405,-2.66
315021406,-2.87
315021407,-2.75
315031408,-2.84
315031409,-1.62
315031410,-2.41
315031411,-3.27
315031412,-2.97
316011413,1.55
316011414,1.99
316011415,7.55
316011416,2.40
316021417,0.82
316021418,0.42
316021419,1.62
316021420,6.29
316021421,3.09
316021422,0.11
316021423,0.98
316021424,4.84
316031425,2.01
316031426,1.67
316031427,1.93
316031428,0.94
316051434,2.08
316051435,1.95
316051437,1.10
316051438,0.31
316051543,-0.03
316051544,10.66
316061439,2.57
316061440,1.18
316061441,1.57
316061442,2.52
316061443,0.73
316061444,0.70
316071545,5.09
316071546,2.41
316071547,2.26
316071548,1.54
316081549,1.39
317011445,3.32
317011446,1.86
317011447,-0.26
317011448,0.93
317011449,2.40
317011450,2.68
317011451,1.92
317011452,0.83
317011453,-0.26
317011454,-0.18
317011455,-0.08
317011456,0.28
317011457,-0.95
317011458,2.82
317011459,0.50
318011460,-0.81
318011461,-0.71
318011462,-1.02
318011463,-0.62
318011464,-1.75
318011465,-1.22
318011466,0.84
318021467,-0.68
318021468,0.49
318021469,-1.68
318021470,4.33
318021471,0.27
318021472,-0.92
318021473,5.69
318021474,1.35
318021475,-1.57
318021476,-1.08
318021477,-0.67
318021478,-0.30
318021479,-1.83
318021480,0.29
318021481,-1.56
318021482,-0.37
318021483,0.21
318021484,2.00
318021485,-2.06
318021486,0.60
318021487,3.62
318021488,0.01
318021489,0.48
318021490,0.37
318021491,0.06
319011492,0.75
319011493,0.97
319011494,2.62
319011495,-0.44
319011496,0.67
319011497,-0.33
319011498,1.37
319011499,0.33
319011500,-1.24
319011501,-0.82
319011502,-0.15
319021503,0.49
319021504,-0.33
319021505,-0.36
319021506,0.04
319021507,0.22
319021508,-0.11
319021509,0.15
319021510,2.71
319031511,1.21
319031512,1.09
319031513,0.31
319031514,1.94
319031515,0.15
319041516,1.82
319041517,1.59
319041518,1.95
319041519,0.19
319041520,0.52
319041521,1.94
319051522,1.13
319051523,-0.54
319051524,-0.21
319051525,1.46
319051526,1.67
399999499,
397979799,
401011001,3.17
401011002,0.35
401021003,0.10
401021004,0.12
401021005,0.78
401021006,-0.08
401021007,3.01
401021008,1.39
401021009,2.09
401021010,0.13
401031011,0.38
401031012,1.08
401031013,0.45
401041014,-0.27
401041015,0.50
401041016,0.72
401051017,0.51
401051018,0.25
401051019,-0.03
401061020,0.27
401061021,0.29
401061022,1.43
401071023,0.24
401071024,0.37
402011025,0.81
402011026,2.31
402011027,1.11
402021028,1.59
402021029,1.29
402021030,0.52
402021031,1.07
402021032,7.54
402021033,-0.02
402021034,-0.04
402021035,2.20
402031036,1.06
402031037,2.90
402031038,1.43
402041039,-100.00
402041040,-0.13
402041041,-0.27
402041042,4.21
402041043,2.12
402041044,0.53
402041046,1.38
402041047,0.45
402041048,1.40
402041171,2.75
402041172,0.35
402051049,1.05
402051050,-0.25
402051051,0.21
402051052,0.50
402051053,-0.18
402051054,0.16
402051055,0.25
403011056,0.50
403011057,0.28
403021058,1.04
403021059,0.04
403021060,0.24
403021061,1.02
403021062,1.38
403021063,0.75
403021064,2.18
403031065,0.03
403031066,0.29
403031067,1.20
403031068,0.25
403031069,0.24
403031070,0.78
403041071,-0.47
403041072,1.31
403041073,1.11
403041074,0.41
403041075,0.33
403041076,0.06
403041077,-0.07
403041078,-0.84
403041079,-0.08
403041080,-0.28
403041081,
403041082,1.39
403041083,0.96
403041084,-0.02
403041085,0.66
403041086,0.32
403041087,2.90
403041088,0.77
403041089,0.36
404011090,1.74
404011091,0.92
404011092,1.09
404011093,0.93
404011094,0.58
404011095,0.80
404011096,0.37
404011097,2.02
404021098,
404021099,-0.18
404021100,0.23
404021101,-0.09
404021102,0.21
404021103,-15.59
404031104,
404031105,0.62
404031106,0.37
404031107,0.87
404031108,0.48
404031109,1.26
405011110,0.94
405011111,1.68
405011112,1.44
405011113,0.63
405011114,2.06
405011115,0.66
405021116,0.67
405021117,0.52
405021118,-0.31
405021119,0.22
405031120,-0.01
405031121,-0.22
405031122,-0.32
405031123,0.38
405041124,0.93
405041125,2.21
405041126,1.69
405041127,0.20
405041128,-0.02
406011129,-0.82
406011130,0.42
406011131,0.01
406011132,-0.13
406011133,0.55
406011134,0.19
406011135,-4.17
406011136,-0.75
406011137,
406021138,-0.79
406021139,0.37
406021140,-0.57
406021141,-4.42
406021142,-0.53
406021143,-2.89
407011144,1.03
407011145,1.26
407011146,1.57
407011147,1.61
407011148,1.09
407011149,2.66
407021150,1.77
407021151,0.07
407021152,0.01
407021154,0.57
407021155,-1.44
407021156,0.32
407021157,0.01
407021158,0.26
407021173,0.52
407021174,0.52
407031159,-0.01
407031160,0.18
407031161,0.05
407031162,0.15
407031163,0.05
407031164,1.23
407031165,1.38
407031166,1.37
407031167,0.82
407031168,0.35
407031169,-0.53
407031170,0.84
499999499,
497979799,
502011021,4.11
502011022,1.04
502011023,-0.71
502011024,0.67
502011025,-0.79
502011026,2.92
502011027,4.53
502011028,0.25
502011029,1.61
503011030,-0.25
503011031,0.53
503011032,-0.59
503011033,1.45
503011034,-0.23
503011035,-0.22
503011036,1.54
503021037,1.15
503021038,0.35
503021039,-0.30
503021040,0.07
503021041,2.09
503021042,0.78
503021043,-0.03
504011044,-0.11
504011045,0.30
504011046,-0.44
504011047,-0.14
504011048,-1.69
504021049,0.77
504021050,-0.70
504021051,2.04
504021052,-6.51
504021053,-0.84
504021054,-0.93
504031055,18.47
504031056,-1.48
504031057,2.39
504031058,2.97
504031059,6.96
504031060,-0.14
504031061,1.40
504031062,4.22
504031063,0.00
504031064,
504031065,-0.15
504031066,0.15
504031067,-0.24
504031068,9.15
504031069,
505011070,0.15
505011071,-1.00
505011072,-0.59
505011073,-0.74
505011074,-0.82
505011075,-0.51
505011076,3.51
505011077,-1.20
505011078,-1.01
505011079,-0.38
505011080,-1.45
505011081,-1.05
505011082,-0.21
505011083,-0.67
505021084,-0.42
505021085,0.16
505021086,-0.12
505021087,
505021088,0.75
505021089,0.64
505021090,0.84
505021091,6.72
505021092,0.53
505021093,-0.15
505021094,0.47
505021095,-0.04
505021096,0.42
505021097,0.13
505031098,-0.42
505031099,1.20
505031100,5.12
505031101,0.54
505031102,-0.99
505031103,3.94
505031104,-0.80
505031105,0.65
505031106,18.47
505031107,0.03
505031108,0.77
505031255,48.31
505031256,-1.55
505031257,6.21
505031258,11.95
506011110,1.89
506011111,18.47
506011112,-0.34
506011113,15.62
506011114,-0.34
506011115,0.54
506011116,-0.12
506011117,1.30
506021118,-0.07
506021119,0.35
506021120,18.47
506021121,-9.48
506021122,1.30
506021123,0.15
506031124,-0.33
506031125,-1.00
506031126,-100.00
506031127,1.34
506031128,-0.52
506031129,-0.39
506031130,-1.47
506031131,-0.22
506041132,0.25
506041133,0.73
506041134,-0.12
506041135,3.20
506041136,1.36
506041137,-0.86
506051138,0.88
506051139,-0.30
506051140,-0.28
506051141,-0.21
506061142,11.39
506061143,2.43
506061144,0.70
506071145,-0.18
506071146,-0.04
506071147,-0.74
507011148,3.05
507011150,-11.65
507011151,
507011152,1.51
507011153,0.01
507011154,0.00
507011155,7.14
507011158,19.10
507011159,-0.21
507011160,1.25
507011161,3.53
507011163,-0.17
507011259,2.92
507011260,-1.42
507021164,0.18
507021165,1.06
507021166,-0.02
507021167,12.70
507031169,9.49
507031170,-0.34
507031172,-15.59
507031173,6.79
507031174,-0.60
507031261,11.18
507041175,-0.03
507041176,-1.57
507041177,-0.13
507041178,-0.53
507041179,-0.33
507041180,-1.28
507041181,0.13
507041182,-0.47
507041183,-0.14
507041184,-1.98
507051185,9.68
507051186,-1.15
507051187,-1.42
507051188,-0.42
507051189,-6.51
507051190,-0.54
507051191,3.13
507051192,-0.08
507051193,-1.58
501011001,3.00
501011002,2.02
501011003,3.25
501011004,3.07
501021005,2.22
501021007,0.92
501021008,-0.62
501021009,-1.55
501021010,-0.51
501021011,3.71
501021012,1.02
501021014,0.21
501021015,-0.69
501021016,1.18
501021251,2.96
501021252,-0.45
501021253,-0.14
501021254,-1.81
501031017,0.51
501031018,0.88
501031019,-0.64
501031020,-0.37
509011225,-0.31
509011226,2.13
509011227,1.29
509011228,1.18
509011229,-0.38
509011230,-1.36
509011231,-0.87
509011232,1.30
509011233,1.57
509011234,0.24
509011235,
509021236,2.35
509021237,-0.34
509021238,-1.54
509021239,-0.14
509021240,-0.02
509021241,-0.18
509021242,-2.46
509021243,-0.50
509021244,-1.11
509021245,0.11
509031246,-0.57
509031247,-1.22
509031248,-3.18
509031249,-1.40
509031250,-0.51
510011262,-0.36
510011263,-2.67
510011264,-1.55
510011265,-2.50
510011266,0.10
510021267,-1.58
510021268,-5.89
510021269,-0.93
510021270,-0.63
510031271,2.16
510031272,-1.40
510031273,-2.24
511011274,-0.09
511011275,-2.82
511021276,-2.14
511021277,0.61
511031278,-2.46
511031279,-2.05
511031280,-1.44
511031281,
511031282,-4.64
511031283,-3.64
511031284,
511041285,-2.51
511041286,-0.11
511041287,1.73
511041288,0.24
511041289,-1.03
511041290,-6.86
511041291,-2.98
511041292,-1.75
599999499,
597979799,
601011001,-0.43
601011002,2.81
601011003,3.22
601021004,0.34
601021005,1.18
601021006,0.21
601021007,1.59
601021008,1.37
601021009,0.43
601021010,1.54
601021011,2.51
601021012,1.02
601031013,1.31
601031014,0.52
601031015,0.35
601031016,0.30
601031017,1.28
601031018,1.55
601031019,0.47
601031020,0.85
601031021,0.64
601041022,1.26
601041023,1.63
601041024,1.45
601041025,
601041026,0.42
601051027,1.53
601051028,0.80
601051029,2.34
601051030,0.79
601051031,1.03
601051032,0.87
601051033,0.66
601061034,1.55
601061035,2.13
602011036,-0.16
602011037,1.54
602011038,-0.25
602011039,1.84
602011040,0.28
602011041,1.09
602011042,0.93
602011043,0.12
602011044,-0.01
602011045,-1.91
602011046,0.94
602011047,0.48
602011048,0.66
602011049,-0.38
602011050,0.23
602011051,0.04
602011052,-0.55
602021053,-0.08
602021054,0.19
602021055,0.32
602021056,1.39
602021057,-0.12
602031058,0.02
602031059,0.18
602031060,1.58
602031061,-0.13
602031062,1.15
602031064,-0.39
602031099,3.16
602031100,-1.12
603011065,-1.35
603011066,-0.09
603011067,-0.19
603011068,11.20
603021069,1.07
603021070,1.95
603021071,0.87
603021072,1.19
603031073,0.38
603031074,0.46
604011075,0.02
604011076,-0.84
604011077,-1.01
604011078,0.09
604011079,0.19
604011080,-0.91
604011081,-0.32
604011082,-0.07
604011083,-0.83
604011084,0.06
604021085,-0.46
604021086,-0.64
604021087,1.26
604021088,2.25
604021089,2.39
604021090,0.45
604021091,-0.22
604021092,0.45
604031093,-0.22
604031094,-0.27
604031095,-0.53
604031096,-1.29
604031097,-1.84
604031098,
699999499,
697979799,
701011001,-49.05
701011002,5.41
701011003,-15.24
701011004,0.16
701011005,1.14
701011006,-2.72
701011007,4.20
701011008,0.26
701011009,-0.68
701021010,-1.43
701021011,-1.14
701021012,-12.61
701021013,1.51
701021014,-100.00
701021015,-100.00
701021016,0.13
701021017,7.63
701021018,-0.79
701021019,-0.40
701021020,-1.44
701021021,13.02
701021022,-1.37
701021023,-0.62
701021024,-1.36
701021025,-0.66
701021026,-0.64
701021027,-1.02
701021028,-0.97
701021029,-0.64
701021030,-1.95
701031031,6.43
701031032,0.73
701031033,2.48
701031034,1.73
701031035,3.43
701041036,-0.25
701041037,-1.03
701041038,2.59
701041039,-0.85
701041040,-1.05
701041041,0.48
701041042,32.93
701041043,5.84
701041044,-1.34
702011045,-2.45
702011046,-1.05
702011047,-1.00
702011048,-1.43
702011049,-0.41
702011050,0.59
702011051,0.11
702011052,-0.17
702011053,-0.70
702011054,-0.55
702021055,-0.85
702021056,-1.45
702031057,-0.76
702031058,-1.23
702031059,0.91
702031060,-1.71
702031061,-0.48
702041062,-1.29
702041063,-0.80
702041064,-6.23
702051065,1.31
702051066,-0.02
702051067,-0.17
702051068,-0.79
799999499,
797979799,
801011001,-0.25
801011002,4.76
801011003,1.98
801011004,-1.38
801011005,-1.12
801011006,-0.22
801011007,-0.45
801011008,-1.36
801011009,-1.38
801011010,-1.72
801011011,-0.14
801011012,6.96
801011013,0.19
801011014,-0.49
801011015,-0.84
801011016,-0.21
801011017,0.09
801011018,
801011019,2.53
801011020,0.65
801011021,-0.53
801011022,-0.36
801011023,1.05
801011024,0.71
801011025,-0.14
801011026,-0.23
801011111,1.76
801011112,1.39
801031031,3.47
801031032,-1.02
801031113,-1.31
801031114,3.10
801031115,1.45
801041034,0.56
801041035,7.89
801041036,15.23
801041037,21.17
801041038,5.36
801041039,7.77
801041040,1.57
801041043,-2.61
801041044,8.18
801041045,-10.59
801041046,3.93
801041047,-0.16
801041048,-0.85
801041116,
801041117,
801041118,153.65
801041119,-9.71
801041120,
801041121,
801041122,
801051049,0.93
801051050,0.45
801051051,2.94
801051053,5.85
801051054,1.49
801051055,1.25
801051056,0.74
801051057,2.52
801051058,1.04
801051060,2.14
801051061,0.97
801051123,
801051124,1.76
801051125,2.45
801051126,0.00
801051127,1.13
801051128,
801061062,0.77
801061063,1.67
801061064,3.65
801061066,
801061067,1.20
801061068,10.76
801061069,-1.03
801061070,0.46
801061129,2.85
801061130,4.65
801061131,8.67
801071071,-0.73
801071072,-0.81
801071073,-0.63
801071074,-0.48
801071075,-1.22
801071076,-0.98
801071077,-0.81
801071078,-0.69
801071079,-0.07
801071080,6.84
801071081,-0.08
801071082,-0.92
801071083,-0.87
801071084,-0.78
801071085,0.00
801071086,-1.28
801071087,-1.03
801071088,-1.23
801071089,-4.01
801071090,-1.12
801071132,2.90
801081091,-0.72
801081092,-1.21
801081093,-1.03
801081094,-1.17
801081095,-0.22
801081096,-0.39
801081097,-0.67
801081098,0.84
801081133,-15.59
801091099,-1.14
801091100,-0.08
801091101,-0.40
801091102,1.29
801091103,-0.42
801091104,-0.20
801091105,1.34
801091106,0.91
801091107,1.75
801091108,0.01
801091109,9.62
801091110,-1.28
801101134,14.87
801101135,
801101136,
801101137,
801101138,0.00
801101139,78.57
801111140,2.62
801111141,1.06
899999499,
897979799,
901011001,-1.13
901021002,-0.33
901031003,1.56
901041004,
999999499,
997979799,
